{
    "loss": 0.06712310761213303,
    "accuracy": 97.43589743589743
}