{
    "loss": 0.3066163659095764,
    "accuracy": 85.8974358974359
}