{
    "loss": 0.23536837100982666,
    "accuracy": 92.3076923076923
}